Company,Job Title,Platform,Location,Job Experience,Candidate Experience,Rejection Reason,Rejection Stage,Rejection Detail,Final Match Score,Job Link
BeingUser,Clueso - Senior Product Designer,indeed,"KA, IN",Not specified,4 relevant (10 total; 4 in general),UNDERQUALIFIED,rules,"UNDERQUALIFIED: relevant experience for a general requirement; requirement inferred from seniority 'senior' (5-10 years, low confidence); 4 relevant years (relevant) is below the 5-year minimum (general requirement)",0.0,https://in.indeed.com/viewjob?jk=5ed33240fff4f466
Techila Global Services,AI Engineer,indeed,"KA, IN",8-10 years,4 relevant (10 total; 4 in machine_learning),UNDERQUALIFIED,rules,UNDERQUALIFIED: 4 years directly in machine_learning; 4 relevant years (direct:machine_learning) is below the 8-year minimum (machine_learning requirement),0.0,https://in.indeed.com/viewjob?jk=a08d6ac09d26a226
Autonomize AI,Jr Business Analyst ( US Healthcare ),indeed,"KA, IN",5+ years,4 relevant (10 total; 4 in machine_learning),SENIORITY_MISMATCH,rules,SENIORITY_MISMATCH: job seniority 'junior' vs candidate 'senior' (gap -2) | UNDERQUALIFIED: 4 years directly in machine_learning; 4 relevant years (direct:machine_learning) is below the 5-year minimum (machine_learning requirement),0.0,https://in.indeed.com/viewjob?jk=da8c8f7cdbae6503
,Senior AI Engineer,indeed,"KA, IN",Not specified,4 relevant (10 total; 4 in general),UNDERQUALIFIED,rules,"UNDERQUALIFIED: relevant experience for a general requirement; requirement inferred from seniority 'senior' (5-10 years, low confidence); 4 relevant years (relevant) is below the 5-year minimum (general requirement)",0.0,https://in.indeed.com/viewjob?jk=1b47a49a263356ee
Deloitte,Consultant | Kotlin | Bengaluru | Engineering | Platform Development & Integration,indeed,"KA, IN",3-7 years,4 relevant (10 total; 0 in networking),UNDERQUALIFIED,rules,UNDERQUALIFIED: no networking experience on resume; 0 relevant years (none) is below the 3-year minimum (networking requirement),0.0,https://in.indeed.com/viewjob?jk=6ea9b50cbe7b6e62
ServiceNow,Sr Software Engineer - Cybersecurity Integrations (Armis),indeed,"KA, IN",10+ years,4 relevant (10 total; 4 in machine_learning),UNDERQUALIFIED,rules,UNDERQUALIFIED: 4 years directly in machine_learning; 4 relevant years (direct:machine_learning) is below the 10-year minimum (machine_learning requirement),0.0,https://in.indeed.com/viewjob?jk=e46cda50e3a0eca7
Honeywell,Advanced Software Engr,indeed,"KA, IN",8+ years,4 relevant (10 total; 3 in model_deployment),UNDERQUALIFIED,rules,UNDERQUALIFIED: 3 years directly in model_deployment; 3 relevant years (direct:model_deployment) is below the 8-year minimum (model_deployment requirement),0.0,https://in.indeed.com/viewjob?jk=a1783a26b12de44b
Optum,Associate AI/ML Engineer,indeed,"UP, IN",Not specified,4 relevant (10 total; 4 in general),SENIORITY_MISMATCH,rules,"SENIORITY_MISMATCH: job seniority 'entry' vs candidate 'senior' (gap -3) | OVERQUALIFIED: relevant experience for a general requirement; requirement inferred from seniority 'entry' (0-2 years, low confidence); 4 relevant years vs 2-year ceiling (gap 2y, ratio 2.00) -> overqualified",0.0,https://in.indeed.com/viewjob?jk=13d6614707b374a0
Lowe's Home Improvement,Software Engineer_Java_ReactJS_Data&ML,indeed,"KA, IN",2+ years,4 relevant (10 total; 4 in machine_learning),OVERQUALIFIED,rules,"OVERQUALIFIED: 4 years directly in machine_learning; 4 relevant years vs 2-year ceiling (gap 2y, ratio 2.00) -> overqualified",0.0,https://in.indeed.com/viewjob?jk=2dd25ab6d8c5c712
FactSet,Software Engineer III - Python with AI/ML,indeed,"TS, IN",5+ years,4 relevant (10 total; 10 in software_engineering),OVERQUALIFIED,rules,"OVERQUALIFIED: software development assumed to span the whole career; 10 relevant years vs 5-year ceiling (gap 5y, ratio 2.00) -> overqualified",0.0,https://in.indeed.com/viewjob?jk=8f9faa60384c0e44
UST,Lead I - ML Engineering,indeed,"KA, IN",20+ years,4 relevant (10 total; 4 in machine_learning),UNDERQUALIFIED,rules,UNDERQUALIFIED: 4 years directly in machine_learning; 4 relevant years (direct:machine_learning) is below the 20-year minimum (machine_learning requirement),0.0,https://in.indeed.com/viewjob?jk=63977bcf7e156587
,Content Moderation Technical Lead Manager,indeed,"Remote, IN",Not specified,4 relevant (10 total; 4 in general),SENIORITY_MISMATCH,rules,"SENIORITY_MISMATCH: job seniority 'manager' vs candidate 'senior' (gap +4) | UNDERQUALIFIED: relevant experience for a general requirement; requirement inferred from seniority 'manager' (8-20 years, low confidence); 4 relevant years (relevant) is below the 8-year minimum (general requirement)",0.0,https://in.indeed.com/viewjob?jk=681dae069d1bd462
ExxonMobil,Artificial Intelligence Scientist,indeed,"KA, IN",Not specified,4 relevant (10 total; 4 in general),STALE_JOB,rules,STALE_JOB: posted 264 days ago (max 14),0.0,https://in.indeed.com/viewjob?jk=55caa8b8b0bd7e83
JPMorganChase,Predictive Science - AI Engineering & Prompt Architecture Lead - Vice President,indeed,"TS, IN",Not specified,4 relevant (10 total; 4 in general),SENIORITY_MISMATCH,rules,"SENIORITY_MISMATCH: job seniority 'manager' vs candidate 'senior' (gap +4) | UNDERQUALIFIED: relevant experience for a general requirement; requirement inferred from seniority 'manager' (8-20 years, low confidence); 4 relevant years (relevant) is below the 8-year minimum (general requirement)",0.0,https://in.indeed.com/viewjob?jk=95bfeed9e31e8174
Sujan Chemoplast Pvt Ltd,Fresher - Chemical Engineer,indeed,"MH, IN",Not specified,4 relevant (10 total; 4 in general),SENIORITY_MISMATCH,rules,"SENIORITY_MISMATCH: job seniority 'entry' vs candidate 'senior' (gap -3) | OVERQUALIFIED: relevant experience for a general requirement; requirement inferred from seniority 'entry' (0-2 years, low confidence); 4 relevant years vs 2-year ceiling (gap 2y, ratio 2.00) -> overqualified",0.0,https://in.indeed.com/viewjob?jk=da20d41d105f4b37
Hitachi Rail,AI Automation Engineer,indeed,"KA, IN",10+ years,4 relevant (10 total; 4 in machine_learning),STALE_JOB,rules,STALE_JOB: posted 44 days ago (max 14) | UNDERQUALIFIED: 4 years directly in machine_learning; 4 relevant years (direct:machine_learning) is below the 10-year minimum (machine_learning requirement),0.0,https://in.indeed.com/viewjob?jk=29805bafa272f56f
kAIgentic,"Senior Software Engineer, AI Research",indeed,"KA, IN",4+ years,4 relevant (10 total; 4 in machine_learning),LOW_CAREER_ALIGNMENT,scoring,LOW_CAREER_ALIGNMENT: career alignment 30 below minimum 40 (generic software engineering role while the candidate targets AI/ML roles),91.1,https://in.indeed.com/viewjob?jk=06fcca417affa1f8
Expleo Group,C++ integration engineers,indeed,"TN, IN",Not specified,4 relevant (10 total; 4 in general),LOW_CAREER_ALIGNMENT,scoring,LOW_CAREER_ALIGNMENT: career alignment 30 below minimum 40 (generic software engineering role while the candidate targets AI/ML roles),86.8,https://in.indeed.com/viewjob?jk=7608a3ba3d65a556
UKG,Software Engineer III- Eng,indeed,"MH, IN",Not specified,4 relevant (10 total; 4 in general),LOW_CAREER_ALIGNMENT,scoring,LOW_CAREER_ALIGNMENT: career alignment 30 below minimum 40 (generic software engineering role while the candidate targets AI/ML roles),84.3,https://in.indeed.com/viewjob?jk=ac101546008613ef
Sourcedear,Manual Software Test Specialist,indeed,"KA, IN",3-10 years,4 relevant (10 total; 10 in software_engineering),LOW_CAREER_ALIGNMENT,scoring,LOW_CAREER_ALIGNMENT: career alignment 30 below minimum 40 (generic software engineering role while the candidate targets AI/ML roles),82.7,https://in.indeed.com/viewjob?jk=de852682d4731a56
SymphonyAI,Software Engineer – Java,indeed,"KA, IN",2-4 years,4 relevant (10 total; 4 in machine_learning),LOW_CAREER_ALIGNMENT,scoring,LOW_CAREER_ALIGNMENT: career alignment 30 below minimum 40 (generic software engineering role while the candidate targets AI/ML roles),88.6,https://in.indeed.com/viewjob?jk=7ec555065ea71a6e
Medtronic,Software Test Engineer II,indeed,"TS, IN",3+ years,4 relevant (10 total; 3 in model_deployment),LOW_CAREER_ALIGNMENT,scoring,LOW_CAREER_ALIGNMENT: career alignment 30 below minimum 40 (generic software engineering role while the candidate targets AI/ML roles),90.6,https://in.indeed.com/viewjob?jk=235adff1341959d8
NCR Atleos,Software Engineer II- .Net Fullstack,indeed,"TS, IN",3+ years,4 relevant (10 total; 4 in general),LOW_CAREER_ALIGNMENT,scoring,LOW_CAREER_ALIGNMENT: career alignment 30 below minimum 40 (generic software engineering role while the candidate targets AI/ML roles),75.8,https://in.indeed.com/viewjob?jk=0800a11ed7ebb754
